Date,Type
2022-01-01,Jour_Ferie
2022-01-11,Jour_Ferie
2022-05-01,Jour_Ferie
2022-07-30,Jour_Ferie
2022-08-14,Jour_Ferie
2022-08-20,Jour_Ferie
2022-08-21,Jour_Ferie
2022-11-06,Jour_Ferie
2022-11-18,Jour_Ferie
2023-01-01,Jour_Ferie
2023-01-11,Jour_Ferie
2023-05-01,Jour_Ferie
2023-07-30,Jour_Ferie
2023-08-14,Jour_Ferie
2023-08-20,Jour_Ferie
2023-08-21,Jour_Ferie
2023-11-06,Jour_Ferie
2023-11-18,Jour_Ferie
2024-01-01,Jour_Ferie
2024-01-11,Jour_Ferie
2022-01-20,Vacances_Scolaires
2022-01-21,Vacances_Scolaires
2022-01-22,Vacances_Scolaires
2022-01-23,Vacances_Scolaires
2022-01-24,Vacances_Scolaires
2022-01-25,Vacances_Scolaires
2022-01-26,Vacances_Scolaires
2022-01-27,Vacances_Scolaires
2022-01-28,Vacances_Scolaires
2022-01-29,Vacances_Scolaires
2022-01-30,Vacances_Scolaires
2022-03-20,Vacances_Scolaires
2022-03-21,Vacances_Scolaires
2022-03-22,Vacances_Scolaires
2022-03-23,Vacances_Scolaires
2022-03-24,Vacances_Scolaires
2022-03-25,Vacances_Scolaires
2022-03-26,Vacances_Scolaires
2022-03-27,Vacances_Scolaires
2022-03-28,Vacances_Scolaires
2022-03-29,Vacances_Scolaires
2022-03-30,Vacances_Scolaires
2022-03-31,Vacances_Scolaires
2022-04-01,Vacances_Scolaires
2022-04-02,Vacances_Scolaires
2022-04-03,Vacances_Scolaires
2022-06-25,Vacances_Scolaires
2022-06-26,Vacances_Scolaires
2022-06-27,Vacances_Scolaires
2022-06-28,Vacances_Scolaires
2022-06-29,Vacances_Scolaires
2022-06-30,Vacances_Scolaires
2022-07-01,Vacances_Scolaires
2022-07-02,Vacances_Scolaires
2022-07-03,Vacances_Scolaires
2022-07-04,Vacances_Scolaires
2022-07-05,Vacances_Scolaires
2022-07-06,Vacances_Scolaires
2022-07-07,Vacances_Scolaires
2022-07-08,Vacances_Scolaires
2022-07-09,Vacances_Scolaires
2022-07-10,Vacances_Scolaires
2022-07-11,Vacances_Scolaires
2022-07-12,Vacances_Scolaires
2022-07-13,Vacances_Scolaires
2022-07-14,Vacances_Scolaires
2022-07-15,Vacances_Scolaires
2022-07-16,Vacances_Scolaires
2022-07-17,Vacances_Scolaires
2022-07-18,Vacances_Scolaires
2022-07-19,Vacances_Scolaires
2022-07-20,Vacances_Scolaires
2022-07-21,Vacances_Scolaires
2022-07-22,Vacances_Scolaires
2022-07-23,Vacances_Scolaires
2022-07-24,Vacances_Scolaires
2022-07-25,Vacances_Scolaires
2022-07-26,Vacances_Scolaires
2022-07-27,Vacances_Scolaires
2022-07-28,Vacances_Scolaires
2022-07-29,Vacances_Scolaires
2022-07-30,Vacances_Scolaires
2022-07-31,Vacances_Scolaires
2022-08-01,Vacances_Scolaires
2022-08-02,Vacances_Scolaires
2022-08-03,Vacances_Scolaires
2022-08-04,Vacances_Scolaires
2022-08-05,Vacances_Scolaires
2022-08-06,Vacances_Scolaires
2022-08-07,Vacances_Scolaires
2022-08-08,Vacances_Scolaires
2022-08-09,Vacances_Scolaires
2022-08-10,Vacances_Scolaires
2022-08-11,Vacances_Scolaires
2022-08-12,Vacances_Scolaires
2022-08-13,Vacances_Scolaires
2022-08-14,Vacances_Scolaires
2022-08-15,Vacances_Scolaires
2022-08-16,Vacances_Scolaires
2022-08-17,Vacances_Scolaires
2022-08-18,Vacances_Scolaires
2022-08-19,Vacances_Scolaires
2022-08-20,Vacances_Scolaires
2022-08-21,Vacances_Scolaires
2022-08-22,Vacances_Scolaires
2022-08-23,Vacances_Scolaires
2022-08-24,Vacances_Scolaires
2022-08-25,Vacances_Scolaires
2022-08-26,Vacances_Scolaires
2022-08-27,Vacances_Scolaires
2022-08-28,Vacances_Scolaires
2022-08-29,Vacances_Scolaires
2022-08-30,Vacances_Scolaires
2022-08-31,Vacances_Scolaires
2022-09-01,Vacances_Scolaires
2022-10-20,Vacances_Scolaires
2022-10-21,Vacances_Scolaires
2022-10-22,Vacances_Scolaires
2022-10-23,Vacances_Scolaires
2022-10-24,Vacances_Scolaires
2022-10-25,Vacances_Scolaires
2022-10-26,Vacances_Scolaires
2022-10-27,Vacances_Scolaires
2022-10-28,Vacances_Scolaires
2022-10-29,Vacances_Scolaires
2022-10-30,Vacances_Scolaires
2022-12-20,Vacances_Scolaires
2022-12-21,Vacances_Scolaires
2022-12-22,Vacances_Scolaires
2022-12-23,Vacances_Scolaires
2022-12-24,Vacances_Scolaires
2022-12-25,Vacances_Scolaires
2022-12-26,Vacances_Scolaires
2022-12-27,Vacances_Scolaires
2022-12-28,Vacances_Scolaires
2022-12-29,Vacances_Scolaires
2022-12-30,Vacances_Scolaires
2022-12-31,Vacances_Scolaires
2023-01-01,Vacances_Scolaires
2023-01-02,Vacances_Scolaires
2023-01-03,Vacances_Scolaires
2023-01-04,Vacances_Scolaires
2023-01-05,Vacances_Scolaires
2023-01-20,Vacances_Scolaires
2023-01-21,Vacances_Scolaires
2023-01-22,Vacances_Scolaires
2023-01-23,Vacances_Scolaires
2023-01-24,Vacances_Scolaires
2023-01-25,Vacances_Scolaires
2023-01-26,Vacances_Scolaires
2023-01-27,Vacances_Scolaires
2023-01-28,Vacances_Scolaires
2023-01-29,Vacances_Scolaires
2023-01-30,Vacances_Scolaires
2023-03-20,Vacances_Scolaires
2023-03-21,Vacances_Scolaires
2023-03-22,Vacances_Scolaires
2023-03-23,Vacances_Scolaires
2023-03-24,Vacances_Scolaires
2023-03-25,Vacances_Scolaires
2023-03-26,Vacances_Scolaires
2023-03-27,Vacances_Scolaires
2023-03-28,Vacances_Scolaires
2023-03-29,Vacances_Scolaires
2023-03-30,Vacances_Scolaires
2023-03-31,Vacances_Scolaires
2023-04-01,Vacances_Scolaires
2023-04-02,Vacances_Scolaires
2023-04-03,Vacances_Scolaires
2023-06-25,Vacances_Scolaires
2023-06-26,Vacances_Scolaires
2023-06-27,Vacances_Scolaires
2023-06-28,Vacances_Scolaires
2023-06-29,Vacances_Scolaires
2023-06-30,Vacances_Scolaires
2023-07-01,Vacances_Scolaires
2023-07-02,Vacances_Scolaires
2023-07-03,Vacances_Scolaires
2023-07-04,Vacances_Scolaires
2023-07-05,Vacances_Scolaires
2023-07-06,Vacances_Scolaires
2023-07-07,Vacances_Scolaires
2023-07-08,Vacances_Scolaires
2023-07-09,Vacances_Scolaires
2023-07-10,Vacances_Scolaires
2023-07-11,Vacances_Scolaires
2023-07-12,Vacances_Scolaires
2023-07-13,Vacances_Scolaires
2023-07-14,Vacances_Scolaires
2023-07-15,Vacances_Scolaires
2023-07-16,Vacances_Scolaires
2023-07-17,Vacances_Scolaires
2023-07-18,Vacances_Scolaires
2023-07-19,Vacances_Scolaires
2023-07-20,Vacances_Scolaires
2023-07-21,Vacances_Scolaires
2023-07-22,Vacances_Scolaires
2023-07-23,Vacances_Scolaires
2023-07-24,Vacances_Scolaires
2023-07-25,Vacances_Scolaires
2023-07-26,Vacances_Scolaires
2023-07-27,Vacances_Scolaires
2023-07-28,Vacances_Scolaires
2023-07-29,Vacances_Scolaires
2023-07-30,Vacances_Scolaires
2023-07-31,Vacances_Scolaires
2023-08-01,Vacances_Scolaires
2023-08-02,Vacances_Scolaires
2023-08-03,Vacances_Scolaires
2023-08-04,Vacances_Scolaires
2023-08-05,Vacances_Scolaires
2023-08-06,Vacances_Scolaires
2023-08-07,Vacances_Scolaires
2023-08-08,Vacances_Scolaires
2023-08-09,Vacances_Scolaires
2023-08-10,Vacances_Scolaires
2023-08-11,Vacances_Scolaires
2023-08-12,Vacances_Scolaires
2023-08-13,Vacances_Scolaires
2023-08-14,Vacances_Scolaires
2023-08-15,Vacances_Scolaires
2023-08-16,Vacances_Scolaires
2023-08-17,Vacances_Scolaires
2023-08-18,Vacances_Scolaires
2023-08-19,Vacances_Scolaires
2023-08-20,Vacances_Scolaires
2023-08-21,Vacances_Scolaires
2023-08-22,Vacances_Scolaires
2023-08-23,Vacances_Scolaires
2023-08-24,Vacances_Scolaires
2023-08-25,Vacances_Scolaires
2023-08-26,Vacances_Scolaires
2023-08-27,Vacances_Scolaires
2023-08-28,Vacances_Scolaires
2023-08-29,Vacances_Scolaires
2023-08-30,Vacances_Scolaires
2023-08-31,Vacances_Scolaires
2023-09-01,Vacances_Scolaires
2023-10-20,Vacances_Scolaires
2023-10-21,Vacances_Scolaires
2023-10-22,Vacances_Scolaires
2023-10-23,Vacances_Scolaires
2023-10-24,Vacances_Scolaires
2023-10-25,Vacances_Scolaires
2023-10-26,Vacances_Scolaires
2023-10-27,Vacances_Scolaires
2023-10-28,Vacances_Scolaires
2023-10-29,Vacances_Scolaires
2023-10-30,Vacances_Scolaires
2023-12-20,Vacances_Scolaires
2023-12-21,Vacances_Scolaires
2023-12-22,Vacances_Scolaires
2023-12-23,Vacances_Scolaires
2023-12-24,Vacances_Scolaires
2023-12-25,Vacances_Scolaires
2023-12-26,Vacances_Scolaires
2023-12-27,Vacances_Scolaires
2023-12-28,Vacances_Scolaires
2023-12-29,Vacances_Scolaires
2023-12-30,Vacances_Scolaires
2023-12-31,Vacances_Scolaires
2024-01-01,Vacances_Scolaires
2024-01-02,Vacances_Scolaires
2024-01-03,Vacances_Scolaires
2024-01-04,Vacances_Scolaires
2024-01-05,Vacances_Scolaires
2022-03-25,Evenement_Special
2022-05-15,Evenement_Special
2022-09-05,Evenement_Special
2023-03-25,Evenement_Special
2023-05-15,Evenement_Special
2023-09-05,Evenement_Special
